-- =============================================================
-- 02_staff.sql
-- profiles, staff_members, staff_locations, working_hours
-- =============================================================

-- UUID map (new in this file)
-- profile_marco  : e1000000-0000-0000-0000-000000000001
-- profile_anna   : e1000000-0000-0000-0000-000000000002
-- profile_luigi  : e1000000-0000-0000-0000-000000000003
-- staff_marco    : f1000000-0000-0000-0000-000000000001
-- staff_anna     : f1000000-0000-0000-0000-000000000002
-- staff_luigi    : f1000000-0000-0000-0000-000000000003
-- staff_loc_*    : g1000000-0000-0000-0000-00000000000{1-3}
-- working_hours  : w1000000-0000-0000-0000-00000000000{1-12}

-- 1. profiles (staff)
INSERT INTO public.profiles (id, full_name, phone, user_type)
VALUES
  ('e1000000-0000-0000-0000-000000000001', 'Marco Esposito',  '+39 347 1000001', 'owner'),
  ('e1000000-0000-0000-0000-000000000002', 'Anna Russo',      '+39 347 1000002', 'staff'),
  ('e1000000-0000-0000-0000-000000000003', 'Luigi Ferrara',   '+39 347 1000003', 'staff')
ON CONFLICT (id) DO NOTHING;

-- 2. staff_members
INSERT INTO public.staff_members (id, tenant_id, profile_id, role, bio, is_active)
VALUES
  ('f1000000-0000-0000-0000-000000000001',
   'b1000000-0000-0000-0000-000000000001',
   'e1000000-0000-0000-0000-000000000001',
   'owner',
   'Proprietario e master barber con 15 anni di esperienza.',
   true),
  ('f1000000-0000-0000-0000-000000000002',
   'b1000000-0000-0000-0000-000000000001',
   'e1000000-0000-0000-0000-000000000002',
   'receptionist',
   'Gestione prenotazioni e accoglienza clienti.',
   true),
  ('f1000000-0000-0000-0000-000000000003',
   'b1000000-0000-0000-0000-000000000001',
   'e1000000-0000-0000-0000-000000000003',
   'staff',
   'Barbiere specializzato in tagli moderni e rasatura classica.',
   true)
ON CONFLICT (id) DO NOTHING;

-- 3. staff_locations
INSERT INTO public.staff_locations (id, tenant_id, staff_id, location_id)
VALUES
  ('g1000000-0000-0000-0000-000000000001',
   'b1000000-0000-0000-0000-000000000001',
   'f1000000-0000-0000-0000-000000000001',
   'c1000000-0000-0000-0000-000000000001'),
  ('g1000000-0000-0000-0000-000000000002',
   'b1000000-0000-0000-0000-000000000001',
   'f1000000-0000-0000-0000-000000000002',
   'c1000000-0000-0000-0000-000000000001'),
  ('g1000000-0000-0000-0000-000000000003',
   'b1000000-0000-0000-0000-000000000001',
   'f1000000-0000-0000-0000-000000000003',
   'c1000000-0000-0000-0000-000000000001')
ON CONFLICT (id) DO NOTHING;

-- 4. working_hours (Mon-Sat, 09:00-19:00 for Marco and Luigi; day_of_week 1=Mon … 6=Sat)
INSERT INTO public.working_hours (id, tenant_id, staff_id, day_of_week, start_time, end_time)
VALUES
  ('w1000000-0000-0000-0000-000000000001', 'b1000000-0000-0000-0000-000000000001', 'f1000000-0000-0000-0000-000000000001', 1, '09:00', '19:00'),
  ('w1000000-0000-0000-0000-000000000002', 'b1000000-0000-0000-0000-000000000001', 'f1000000-0000-0000-0000-000000000001', 2, '09:00', '19:00'),
  ('w1000000-0000-0000-0000-000000000003', 'b1000000-0000-0000-0000-000000000001', 'f1000000-0000-0000-0000-000000000001', 3, '09:00', '19:00'),
  ('w1000000-0000-0000-0000-000000000004', 'b1000000-0000-0000-0000-000000000001', 'f1000000-0000-0000-0000-000000000001', 4, '09:00', '19:00'),
  ('w1000000-0000-0000-0000-000000000005', 'b1000000-0000-0000-0000-000000000001', 'f1000000-0000-0000-0000-000000000001', 5, '09:00', '19:00'),
  ('w1000000-0000-0000-0000-000000000006', 'b1000000-0000-0000-0000-000000000001', 'f1000000-0000-0000-0000-000000000001', 6, '09:00', '19:00'),
  ('w1000000-0000-0000-0000-000000000007', 'b1000000-0000-0000-0000-000000000001', 'f1000000-0000-0000-0000-000000000003', 1, '09:00', '19:00'),
  ('w1000000-0000-0000-0000-000000000008', 'b1000000-0000-0000-0000-000000000001', 'f1000000-0000-0000-0000-000000000003', 2, '09:00', '19:00'),
  ('w1000000-0000-0000-0000-000000000009', 'b1000000-0000-0000-0000-000000000001', 'f1000000-0000-0000-0000-000000000003', 3, '09:00', '19:00'),
  ('w1000000-0000-0000-0000-000000000010', 'b1000000-0000-0000-0000-000000000001', 'f1000000-0000-0000-0000-000000000003', 4, '09:00', '19:00'),
  ('w1000000-0000-0000-0000-000000000011', 'b1000000-0000-0000-0000-000000000001', 'f1000000-0000-0000-0000-000000000003', 5, '09:00', '19:00'),
  ('w1000000-0000-0000-0000-000000000012', 'b1000000-0000-0000-0000-000000000001', 'f1000000-0000-0000-0000-000000000003', 6, '09:00', '19:00')
ON CONFLICT (id) DO NOTHING;
