-- =============================================================
-- 03_catalogo.sql
-- services, staff_services, products, product_inventory
-- =============================================================

-- services: h1000000-0000-0000-0000-00000000000{1-8}
-- staff_services: s1000000-0000-0000-0000-00000000000{1-16}
-- products: i1000000-0000-0000-0000-00000000000{1-5}
-- product_inventory: v1000000-0000-0000-0000-00000000000{1-5}

-- 1. services
INSERT INTO public.services (id, tenant_id, name, description, price, duration_minutes, category, display_order, is_active)
VALUES
  ('h1000000-0000-0000-0000-000000000001', 'b1000000-0000-0000-0000-000000000001',
   'Taglio', 'Taglio capelli classico o moderno', 18.00, 30, 'taglio', 1, true),
  ('h1000000-0000-0000-0000-000000000002', 'b1000000-0000-0000-0000-000000000001',
   'Barba', 'Rifinitura e styling barba', 12.00, 20, 'barba', 2, true),
  ('h1000000-0000-0000-0000-000000000003', 'b1000000-0000-0000-0000-000000000001',
   'Taglio + Barba', 'Taglio capelli e cura completa della barba', 28.00, 45, 'combo', 3, true),
  ('h1000000-0000-0000-0000-000000000004', 'b1000000-0000-0000-0000-000000000001',
   'Shampoo', 'Lavaggio e trattamento capelli', 8.00, 15, 'trattamento', 4, true),
  ('h1000000-0000-0000-0000-000000000005', 'b1000000-0000-0000-0000-000000000001',
   'Colore', 'Colorazione professionale capelli', 45.00, 60, 'colore', 5, true),
  ('h1000000-0000-0000-0000-000000000006', 'b1000000-0000-0000-0000-000000000001',
   'Contorno', 'Definizione contorno capelli con rasoio', 10.00, 15, 'rifinitura', 6, true),
  ('h1000000-0000-0000-0000-000000000007', 'b1000000-0000-0000-0000-000000000001',
   'Sopracciglia', 'Pulizia e definizione sopracciglia', 8.00, 10, 'rifinitura', 7, true),
  ('h1000000-0000-0000-0000-000000000008', 'b1000000-0000-0000-0000-000000000001',
   'Rasatura Classica', 'Rasatura con rasoio a mano libera', 20.00, 30, 'barba', 8, true)
ON CONFLICT (id) DO NOTHING;

-- 2. staff_services (Marco + Luigi × 8 servizi)
INSERT INTO public.staff_services (id, tenant_id, staff_id, service_id)
VALUES
  ('s1000000-0000-0000-0000-000000000001', 'b1000000-0000-0000-0000-000000000001', 'f1000000-0000-0000-0000-000000000001', 'h1000000-0000-0000-0000-000000000001'),
  ('s1000000-0000-0000-0000-000000000002', 'b1000000-0000-0000-0000-000000000001', 'f1000000-0000-0000-0000-000000000001', 'h1000000-0000-0000-0000-000000000002'),
  ('s1000000-0000-0000-0000-000000000003', 'b1000000-0000-0000-0000-000000000001', 'f1000000-0000-0000-0000-000000000001', 'h1000000-0000-0000-0000-000000000003'),
  ('s1000000-0000-0000-0000-000000000004', 'b1000000-0000-0000-0000-000000000001', 'f1000000-0000-0000-0000-000000000001', 'h1000000-0000-0000-0000-000000000004'),
  ('s1000000-0000-0000-0000-000000000005', 'b1000000-0000-0000-0000-000000000001', 'f1000000-0000-0000-0000-000000000001', 'h1000000-0000-0000-0000-000000000005'),
  ('s1000000-0000-0000-0000-000000000006', 'b1000000-0000-0000-0000-000000000001', 'f1000000-0000-0000-0000-000000000001', 'h1000000-0000-0000-0000-000000000006'),
  ('s1000000-0000-0000-0000-000000000007', 'b1000000-0000-0000-0000-000000000001', 'f1000000-0000-0000-0000-000000000001', 'h1000000-0000-0000-0000-000000000007'),
  ('s1000000-0000-0000-0000-000000000008', 'b1000000-0000-0000-0000-000000000001', 'f1000000-0000-0000-0000-000000000001', 'h1000000-0000-0000-0000-000000000008'),
  ('s1000000-0000-0000-0000-000000000009', 'b1000000-0000-0000-0000-000000000001', 'f1000000-0000-0000-0000-000000000003', 'h1000000-0000-0000-0000-000000000001'),
  ('s1000000-0000-0000-0000-000000000010', 'b1000000-0000-0000-0000-000000000001', 'f1000000-0000-0000-0000-000000000003', 'h1000000-0000-0000-0000-000000000002'),
  ('s1000000-0000-0000-0000-000000000011', 'b1000000-0000-0000-0000-000000000001', 'f1000000-0000-0000-0000-000000000003', 'h1000000-0000-0000-0000-000000000003'),
  ('s1000000-0000-0000-0000-000000000012', 'b1000000-0000-0000-0000-000000000001', 'f1000000-0000-0000-0000-000000000003', 'h1000000-0000-0000-0000-000000000004'),
  ('s1000000-0000-0000-0000-000000000013', 'b1000000-0000-0000-0000-000000000001', 'f1000000-0000-0000-0000-000000000003', 'h1000000-0000-0000-0000-000000000005'),
  ('s1000000-0000-0000-0000-000000000014', 'b1000000-0000-0000-0000-000000000001', 'f1000000-0000-0000-0000-000000000003', 'h1000000-0000-0000-0000-000000000006'),
  ('s1000000-0000-0000-0000-000000000015', 'b1000000-0000-0000-0000-000000000001', 'f1000000-0000-0000-0000-000000000003', 'h1000000-0000-0000-0000-000000000007'),
  ('s1000000-0000-0000-0000-000000000016', 'b1000000-0000-0000-0000-000000000001', 'f1000000-0000-0000-0000-000000000003', 'h1000000-0000-0000-0000-000000000008')
ON CONFLICT (id) DO NOTHING;

-- 3. products
INSERT INTO public.products (id, tenant_id, name, brand, category, sku, price_sell, price_cost, is_active)
VALUES
  ('i1000000-0000-0000-0000-000000000001', 'b1000000-0000-0000-0000-000000000001',
   'Matt Clay', 'American Crew', 'styling', 'AC-CLAY-001', 22.00, 11.00, true),
  ('i1000000-0000-0000-0000-000000000002', 'b1000000-0000-0000-0000-000000000001',
   'Olio Barba', 'Proraso', 'barba', 'PR-OIL-001', 18.00, 8.00, true),
  ('i1000000-0000-0000-0000-000000000003', 'b1000000-0000-0000-0000-000000000001',
   'Shampoo Professionale', 'Keune', 'capelli', 'KE-SH-001', 24.00, 12.00, true),
  ('i1000000-0000-0000-0000-000000000004', 'b1000000-0000-0000-0000-000000000001',
   'Cera Opaca', 'Layrite', 'styling', 'LY-WAX-001', 26.00, 13.00, true),
  ('i1000000-0000-0000-0000-000000000005', 'b1000000-0000-0000-0000-000000000001',
   'Spray Fissante', 'Redken', 'styling', 'RD-SPR-001', 19.00, 9.00, true)
ON CONFLICT (id) DO NOTHING;

-- 4. product_inventory
INSERT INTO public.product_inventory (id, tenant_id, product_id, location_id, quantity, low_stock_threshold)
VALUES
  ('v1000000-0000-0000-0000-000000000001', 'b1000000-0000-0000-0000-000000000001',
   'i1000000-0000-0000-0000-000000000001', 'c1000000-0000-0000-0000-000000000001', 8, 3),
  ('v1000000-0000-0000-0000-000000000002', 'b1000000-0000-0000-0000-000000000001',
   'i1000000-0000-0000-0000-000000000002', 'c1000000-0000-0000-0000-000000000001', 12, 4),
  ('v1000000-0000-0000-0000-000000000003', 'b1000000-0000-0000-0000-000000000001',
   'i1000000-0000-0000-0000-000000000003', 'c1000000-0000-0000-0000-000000000001', 2, 3),
  ('v1000000-0000-0000-0000-000000000004', 'b1000000-0000-0000-0000-000000000001',
   'i1000000-0000-0000-0000-000000000004', 'c1000000-0000-0000-0000-000000000001', 5, 3),
  ('v1000000-0000-0000-0000-000000000005', 'b1000000-0000-0000-0000-000000000001',
   'i1000000-0000-0000-0000-000000000005', 'c1000000-0000-0000-0000-000000000001', 7, 3)
ON CONFLICT (id) DO NOTHING;
