-- =============================================================
-- 05_appuntamenti.sql
-- appointments, appointment_services, payments
-- =============================================================

-- appointments:         k1000000-0000-0000-0000-{001-060}
-- appointment_services: l1000000-0000-0000-0000-{001-060}
-- payments (past only): m1000000-0000-0000-0000-{001-050}

-- 1. appointments
INSERT INTO public.appointments
  (id, tenant_id, location_id, client_id, staff_id, start_time, end_time, status, booking_source)
VALUES
  ('k1000000-0000-0000-0000-000000000001', 'b1000000-0000-0000-0000-000000000001', 'c1000000-0000-0000-0000-000000000001',
   'j1000000-0000-0000-0000-000000000001', 'f1000000-0000-0000-0000-000000000003',
   '2026-01-25 10:00', '2026-01-25 10:30',
   'completed', 'app'),
  ('k1000000-0000-0000-0000-000000000002', 'b1000000-0000-0000-0000-000000000001', 'c1000000-0000-0000-0000-000000000001',
   'j1000000-0000-0000-0000-000000000001', 'f1000000-0000-0000-0000-000000000003',
   '2026-02-01 11:00', '2026-02-01 11:20',
   'completed', 'app'),
  ('k1000000-0000-0000-0000-000000000003', 'b1000000-0000-0000-0000-000000000001', 'c1000000-0000-0000-0000-000000000001',
   'j1000000-0000-0000-0000-000000000001', 'f1000000-0000-0000-0000-000000000003',
   '2026-02-08 10:00', '2026-02-08 10:45',
   'completed', 'app'),
  ('k1000000-0000-0000-0000-000000000004', 'b1000000-0000-0000-0000-000000000001', 'c1000000-0000-0000-0000-000000000001',
   'j1000000-0000-0000-0000-000000000001', 'f1000000-0000-0000-0000-000000000003',
   '2026-02-15 11:00', '2026-02-15 11:30',
   'completed', 'app'),
  ('k1000000-0000-0000-0000-000000000005', 'b1000000-0000-0000-0000-000000000001', 'c1000000-0000-0000-0000-000000000001',
   'j1000000-0000-0000-0000-000000000001', 'f1000000-0000-0000-0000-000000000003',
   '2026-02-22 10:00', '2026-02-22 10:45',
   'completed', 'app'),
  ('k1000000-0000-0000-0000-000000000006', 'b1000000-0000-0000-0000-000000000001', 'c1000000-0000-0000-0000-000000000001',
   'j1000000-0000-0000-0000-000000000001', 'f1000000-0000-0000-0000-000000000003',
   '2026-03-01 11:00', '2026-03-01 11:20',
   'completed', 'app'),
  ('k1000000-0000-0000-0000-000000000007', 'b1000000-0000-0000-0000-000000000001', 'c1000000-0000-0000-0000-000000000001',
   'j1000000-0000-0000-0000-000000000001', 'f1000000-0000-0000-0000-000000000003',
   '2026-03-08 10:00', '2026-03-08 10:30',
   'completed', 'app'),
  ('k1000000-0000-0000-0000-000000000008', 'b1000000-0000-0000-0000-000000000001', 'c1000000-0000-0000-0000-000000000001',
   'j1000000-0000-0000-0000-000000000001', 'f1000000-0000-0000-0000-000000000001',
   '2026-03-15 11:00', '2026-03-15 11:45',
   'completed', 'app'),
  ('k1000000-0000-0000-0000-000000000009', 'b1000000-0000-0000-0000-000000000001', 'c1000000-0000-0000-0000-000000000001',
   'j1000000-0000-0000-0000-000000000001', 'f1000000-0000-0000-0000-000000000003',
   '2026-03-22 10:00', '2026-03-22 10:30',
   'completed', 'app'),
  ('k1000000-0000-0000-0000-000000000010', 'b1000000-0000-0000-0000-000000000001', 'c1000000-0000-0000-0000-000000000001',
   'j1000000-0000-0000-0000-000000000001', 'f1000000-0000-0000-0000-000000000003',
   '2026-03-29 11:00', '2026-03-29 11:45',
   'completed', 'app'),
  ('k1000000-0000-0000-0000-000000000011', 'b1000000-0000-0000-0000-000000000001', 'c1000000-0000-0000-0000-000000000001',
   'j1000000-0000-0000-0000-000000000001', 'f1000000-0000-0000-0000-000000000003',
   '2026-04-05 10:00', '2026-04-05 10:30',
   'completed', 'app'),
  ('k1000000-0000-0000-0000-000000000012', 'b1000000-0000-0000-0000-000000000001', 'c1000000-0000-0000-0000-000000000001',
   'j1000000-0000-0000-0000-000000000001', 'f1000000-0000-0000-0000-000000000003',
   '2026-04-12 11:00', '2026-04-12 11:20',
   'completed', 'app'),
  ('k1000000-0000-0000-0000-000000000013', 'b1000000-0000-0000-0000-000000000001', 'c1000000-0000-0000-0000-000000000001',
   'j1000000-0000-0000-0000-000000000002', 'f1000000-0000-0000-0000-000000000003',
   '2026-01-28 14:00', '2026-01-28 14:45',
   'completed', 'app'),
  ('k1000000-0000-0000-0000-000000000014', 'b1000000-0000-0000-0000-000000000001', 'c1000000-0000-0000-0000-000000000001',
   'j1000000-0000-0000-0000-000000000002', 'f1000000-0000-0000-0000-000000000003',
   '2026-02-18 14:00', '2026-02-18 14:30',
   'completed', 'app'),
  ('k1000000-0000-0000-0000-000000000015', 'b1000000-0000-0000-0000-000000000001', 'c1000000-0000-0000-0000-000000000001',
   'j1000000-0000-0000-0000-000000000002', 'f1000000-0000-0000-0000-000000000003',
   '2026-03-10 14:00', '2026-03-10 14:20',
   'completed', 'app'),
  ('k1000000-0000-0000-0000-000000000016', 'b1000000-0000-0000-0000-000000000001', 'c1000000-0000-0000-0000-000000000001',
   'j1000000-0000-0000-0000-000000000003', 'f1000000-0000-0000-0000-000000000001',
   '2026-01-30 15:00', '2026-01-30 15:30',
   'completed', 'app'),
  ('k1000000-0000-0000-0000-000000000017', 'b1000000-0000-0000-0000-000000000001', 'c1000000-0000-0000-0000-000000000001',
   'j1000000-0000-0000-0000-000000000003', 'f1000000-0000-0000-0000-000000000001',
   '2026-02-20 15:00', '2026-02-20 15:45',
   'completed', 'app'),
  ('k1000000-0000-0000-0000-000000000018', 'b1000000-0000-0000-0000-000000000001', 'c1000000-0000-0000-0000-000000000001',
   'j1000000-0000-0000-0000-000000000003', 'f1000000-0000-0000-0000-000000000003',
   '2026-03-05 15:00', '2026-03-05 15:30',
   'completed', 'app'),
  ('k1000000-0000-0000-0000-000000000019', 'b1000000-0000-0000-0000-000000000001', 'c1000000-0000-0000-0000-000000000001',
   'j1000000-0000-0000-0000-000000000003', 'f1000000-0000-0000-0000-000000000003',
   '2026-03-25 16:00', '2026-03-25 16:20',
   'completed', 'app'),
  ('k1000000-0000-0000-0000-000000000020', 'b1000000-0000-0000-0000-000000000001', 'c1000000-0000-0000-0000-000000000001',
   'j1000000-0000-0000-0000-000000000003', 'f1000000-0000-0000-0000-000000000001',
   '2026-04-15 15:00', '2026-04-15 15:30',
   'completed', 'app'),
  ('k1000000-0000-0000-0000-000000000021', 'b1000000-0000-0000-0000-000000000001', 'c1000000-0000-0000-0000-000000000001',
   'j1000000-0000-0000-0000-000000000004', 'f1000000-0000-0000-0000-000000000003',
   '2026-02-05 10:00', '2026-02-05 10:30',
   'completed', 'app'),
  ('k1000000-0000-0000-0000-000000000022', 'b1000000-0000-0000-0000-000000000001', 'c1000000-0000-0000-0000-000000000001',
   'j1000000-0000-0000-0000-000000000004', 'f1000000-0000-0000-0000-000000000003',
   '2026-03-10 10:00', '2026-03-10 10:30',
   'completed', 'app'),
  ('k1000000-0000-0000-0000-000000000023', 'b1000000-0000-0000-0000-000000000001', 'c1000000-0000-0000-0000-000000000001',
   'j1000000-0000-0000-0000-000000000004', 'f1000000-0000-0000-0000-000000000003',
   '2026-04-08 10:00', '2026-04-08 10:30',
   'completed', 'app'),
  ('k1000000-0000-0000-0000-000000000024', 'b1000000-0000-0000-0000-000000000001', 'c1000000-0000-0000-0000-000000000001',
   'j1000000-0000-0000-0000-000000000005', 'f1000000-0000-0000-0000-000000000001',
   '2026-02-12 11:00', '2026-02-12 12:00',
   'completed', 'app'),
  ('k1000000-0000-0000-0000-000000000025', 'b1000000-0000-0000-0000-000000000001', 'c1000000-0000-0000-0000-000000000001',
   'j1000000-0000-0000-0000-000000000005', 'f1000000-0000-0000-0000-000000000001',
   '2026-03-19 11:00', '2026-03-19 12:00',
   'completed', 'app'),
  ('k1000000-0000-0000-0000-000000000026', 'b1000000-0000-0000-0000-000000000001', 'c1000000-0000-0000-0000-000000000001',
   'j1000000-0000-0000-0000-000000000006', 'f1000000-0000-0000-0000-000000000003',
   '2026-01-27 14:00', '2026-01-27 14:30',
   'completed', 'app'),
  ('k1000000-0000-0000-0000-000000000027', 'b1000000-0000-0000-0000-000000000001', 'c1000000-0000-0000-0000-000000000001',
   'j1000000-0000-0000-0000-000000000006', 'f1000000-0000-0000-0000-000000000003',
   '2026-03-02 14:00', '2026-03-02 14:30',
   'completed', 'app'),
  ('k1000000-0000-0000-0000-000000000028', 'b1000000-0000-0000-0000-000000000001', 'c1000000-0000-0000-0000-000000000001',
   'j1000000-0000-0000-0000-000000000007', 'f1000000-0000-0000-0000-000000000001',
   '2026-02-08 15:00', '2026-02-08 15:10',
   'completed', 'app'),
  ('k1000000-0000-0000-0000-000000000029', 'b1000000-0000-0000-0000-000000000001', 'c1000000-0000-0000-0000-000000000001',
   'j1000000-0000-0000-0000-000000000007', 'f1000000-0000-0000-0000-000000000001',
   '2026-03-15 15:00', '2026-03-15 15:10',
   'completed', 'app'),
  ('k1000000-0000-0000-0000-000000000030', 'b1000000-0000-0000-0000-000000000001', 'c1000000-0000-0000-0000-000000000001',
   'j1000000-0000-0000-0000-000000000008', 'f1000000-0000-0000-0000-000000000003',
   '2026-01-24 10:00', '2026-01-24 10:45',
   'completed', 'app'),
  ('k1000000-0000-0000-0000-000000000031', 'b1000000-0000-0000-0000-000000000001', 'c1000000-0000-0000-0000-000000000001',
   'j1000000-0000-0000-0000-000000000008', 'f1000000-0000-0000-0000-000000000003',
   '2026-02-14 10:00', '2026-02-14 10:45',
   'completed', 'app'),
  ('k1000000-0000-0000-0000-000000000032', 'b1000000-0000-0000-0000-000000000001', 'c1000000-0000-0000-0000-000000000001',
   'j1000000-0000-0000-0000-000000000008', 'f1000000-0000-0000-0000-000000000003',
   '2026-03-28 10:00', '2026-03-28 10:45',
   'completed', 'app'),
  ('k1000000-0000-0000-0000-000000000033', 'b1000000-0000-0000-0000-000000000001', 'c1000000-0000-0000-0000-000000000001',
   'j1000000-0000-0000-0000-000000000009', 'f1000000-0000-0000-0000-000000000003',
   '2026-02-10 16:00', '2026-02-10 16:30',
   'completed', 'app'),
  ('k1000000-0000-0000-0000-000000000034', 'b1000000-0000-0000-0000-000000000001', 'c1000000-0000-0000-0000-000000000001',
   'j1000000-0000-0000-0000-000000000009', 'f1000000-0000-0000-0000-000000000003',
   '2026-04-02 16:00', '2026-04-02 16:30',
   'completed', 'app'),
  ('k1000000-0000-0000-0000-000000000035', 'b1000000-0000-0000-0000-000000000001', 'c1000000-0000-0000-0000-000000000001',
   'j1000000-0000-0000-0000-000000000010', 'f1000000-0000-0000-0000-000000000003',
   '2026-02-17 11:00', '2026-02-17 11:30',
   'completed', 'app'),
  ('k1000000-0000-0000-0000-000000000036', 'b1000000-0000-0000-0000-000000000001', 'c1000000-0000-0000-0000-000000000001',
   'j1000000-0000-0000-0000-000000000010', 'f1000000-0000-0000-0000-000000000003',
   '2026-04-06 11:00', '2026-04-06 11:45',
   'completed', 'app'),
  ('k1000000-0000-0000-0000-000000000037', 'b1000000-0000-0000-0000-000000000001', 'c1000000-0000-0000-0000-000000000001',
   'j1000000-0000-0000-0000-000000000011', 'f1000000-0000-0000-0000-000000000001',
   '2026-04-10 17:00', '2026-04-10 17:10',
   'completed', 'app'),
  ('k1000000-0000-0000-0000-000000000038', 'b1000000-0000-0000-0000-000000000001', 'c1000000-0000-0000-0000-000000000001',
   'j1000000-0000-0000-0000-000000000012', 'f1000000-0000-0000-0000-000000000003',
   '2026-02-19 14:00', '2026-02-19 14:30',
   'completed', 'app'),
  ('k1000000-0000-0000-0000-000000000039', 'b1000000-0000-0000-0000-000000000001', 'c1000000-0000-0000-0000-000000000001',
   'j1000000-0000-0000-0000-000000000012', 'f1000000-0000-0000-0000-000000000003',
   '2026-04-01 14:00', '2026-04-01 14:30',
   'completed', 'app'),
  ('k1000000-0000-0000-0000-000000000040', 'b1000000-0000-0000-0000-000000000001', 'c1000000-0000-0000-0000-000000000001',
   'j1000000-0000-0000-0000-000000000013', 'f1000000-0000-0000-0000-000000000001',
   '2026-04-17 15:00', '2026-04-17 15:45',
   'completed', 'app'),
  ('k1000000-0000-0000-0000-000000000041', 'b1000000-0000-0000-0000-000000000001', 'c1000000-0000-0000-0000-000000000001',
   'j1000000-0000-0000-0000-000000000014', 'f1000000-0000-0000-0000-000000000003',
   '2026-01-31 10:00', '2026-01-31 10:30',
   'completed', 'app'),
  ('k1000000-0000-0000-0000-000000000042', 'b1000000-0000-0000-0000-000000000001', 'c1000000-0000-0000-0000-000000000001',
   'j1000000-0000-0000-0000-000000000014', 'f1000000-0000-0000-0000-000000000003',
   '2026-03-03 10:00', '2026-03-03 10:30',
   'completed', 'app'),
  ('k1000000-0000-0000-0000-000000000043', 'b1000000-0000-0000-0000-000000000001', 'c1000000-0000-0000-0000-000000000001',
   'j1000000-0000-0000-0000-000000000015', 'f1000000-0000-0000-0000-000000000001',
   '2026-02-03 11:00', '2026-02-03 11:20',
   'completed', 'app'),
  ('k1000000-0000-0000-0000-000000000044', 'b1000000-0000-0000-0000-000000000001', 'c1000000-0000-0000-0000-000000000001',
   'j1000000-0000-0000-0000-000000000015', 'f1000000-0000-0000-0000-000000000001',
   '2026-03-05 11:00', '2026-03-05 11:20',
   'completed', 'app'),
  ('k1000000-0000-0000-0000-000000000045', 'b1000000-0000-0000-0000-000000000001', 'c1000000-0000-0000-0000-000000000001',
   'j1000000-0000-0000-0000-000000000016', 'f1000000-0000-0000-0000-000000000003',
   '2026-04-14 16:00', '2026-04-14 16:30',
   'completed', 'app'),
  ('k1000000-0000-0000-0000-000000000046', 'b1000000-0000-0000-0000-000000000001', 'c1000000-0000-0000-0000-000000000001',
   'j1000000-0000-0000-0000-000000000017', 'f1000000-0000-0000-0000-000000000001',
   '2026-01-26 15:00', '2026-01-26 15:30',
   'completed', 'app'),
  ('k1000000-0000-0000-0000-000000000047', 'b1000000-0000-0000-0000-000000000001', 'c1000000-0000-0000-0000-000000000001',
   'j1000000-0000-0000-0000-000000000017', 'f1000000-0000-0000-0000-000000000001',
   '2026-02-25 15:00', '2026-02-25 15:30',
   'completed', 'app'),
  ('k1000000-0000-0000-0000-000000000048', 'b1000000-0000-0000-0000-000000000001', 'c1000000-0000-0000-0000-000000000001',
   'j1000000-0000-0000-0000-000000000018', 'f1000000-0000-0000-0000-000000000003',
   '2026-04-20 10:00', '2026-04-20 10:30',
   'completed', 'app'),
  ('k1000000-0000-0000-0000-000000000049', 'b1000000-0000-0000-0000-000000000001', 'c1000000-0000-0000-0000-000000000001',
   'j1000000-0000-0000-0000-000000000019', 'f1000000-0000-0000-0000-000000000001',
   '2026-02-07 14:00', '2026-02-07 14:45',
   'completed', 'app'),
  ('k1000000-0000-0000-0000-000000000050', 'b1000000-0000-0000-0000-000000000001', 'c1000000-0000-0000-0000-000000000001',
   'j1000000-0000-0000-0000-000000000019', 'f1000000-0000-0000-0000-000000000001',
   '2026-03-21 14:00', '2026-03-21 14:45',
   'completed', 'app'),
  ('k1000000-0000-0000-0000-000000000051', 'b1000000-0000-0000-0000-000000000001', 'c1000000-0000-0000-0000-000000000001',
   'j1000000-0000-0000-0000-000000000001', 'f1000000-0000-0000-0000-000000000003',
   '2026-04-26 10:00', '2026-04-26 10:45',
   'confirmed', 'app'),
  ('k1000000-0000-0000-0000-000000000052', 'b1000000-0000-0000-0000-000000000001', 'c1000000-0000-0000-0000-000000000001',
   'j1000000-0000-0000-0000-000000000001', 'f1000000-0000-0000-0000-000000000003',
   '2026-05-03 10:00', '2026-05-03 10:30',
   'confirmed', 'app'),
  ('k1000000-0000-0000-0000-000000000053', 'b1000000-0000-0000-0000-000000000001', 'c1000000-0000-0000-0000-000000000001',
   'j1000000-0000-0000-0000-000000000003', 'f1000000-0000-0000-0000-000000000001',
   '2026-04-28 15:00', '2026-04-28 15:30',
   'confirmed', 'app'),
  ('k1000000-0000-0000-0000-000000000054', 'b1000000-0000-0000-0000-000000000001', 'c1000000-0000-0000-0000-000000000001',
   'j1000000-0000-0000-0000-000000000004', 'f1000000-0000-0000-0000-000000000003',
   '2026-04-25 10:00', '2026-04-25 10:30',
   'confirmed', 'app'),
  ('k1000000-0000-0000-0000-000000000055', 'b1000000-0000-0000-0000-000000000001', 'c1000000-0000-0000-0000-000000000001',
   'j1000000-0000-0000-0000-000000000008', 'f1000000-0000-0000-0000-000000000003',
   '2026-04-30 10:00', '2026-04-30 10:45',
   'confirmed', 'app'),
  ('k1000000-0000-0000-0000-000000000056', 'b1000000-0000-0000-0000-000000000001', 'c1000000-0000-0000-0000-000000000001',
   'j1000000-0000-0000-0000-000000000009', 'f1000000-0000-0000-0000-000000000003',
   '2026-05-02 16:00', '2026-05-02 16:30',
   'confirmed', 'app'),
  ('k1000000-0000-0000-0000-000000000057', 'b1000000-0000-0000-0000-000000000001', 'c1000000-0000-0000-0000-000000000001',
   'j1000000-0000-0000-0000-000000000010', 'f1000000-0000-0000-0000-000000000003',
   '2026-04-29 11:00', '2026-04-29 11:30',
   'confirmed', 'app'),
  ('k1000000-0000-0000-0000-000000000058', 'b1000000-0000-0000-0000-000000000001', 'c1000000-0000-0000-0000-000000000001',
   'j1000000-0000-0000-0000-000000000012', 'f1000000-0000-0000-0000-000000000003',
   '2026-05-05 14:00', '2026-05-05 14:30',
   'confirmed', 'app'),
  ('k1000000-0000-0000-0000-000000000059', 'b1000000-0000-0000-0000-000000000001', 'c1000000-0000-0000-0000-000000000001',
   'j1000000-0000-0000-0000-000000000019', 'f1000000-0000-0000-0000-000000000001',
   '2026-04-27 14:00', '2026-04-27 14:45',
   'confirmed', 'app'),
  ('k1000000-0000-0000-0000-000000000060', 'b1000000-0000-0000-0000-000000000001', 'c1000000-0000-0000-0000-000000000001',
   'j1000000-0000-0000-0000-000000000018', 'f1000000-0000-0000-0000-000000000003',
   '2026-05-06 10:00', '2026-05-06 10:20',
   'confirmed', 'app')
ON CONFLICT (id) DO NOTHING;

-- 2. appointment_services
INSERT INTO public.appointment_services (id, tenant_id, appointment_id, service_id, price_at_booking)
VALUES
  ('l1000000-0000-0000-0000-000000000001', 'b1000000-0000-0000-0000-000000000001', 'k1000000-0000-0000-0000-000000000001', 'h1000000-0000-0000-0000-000000000001', 18.00),
  ('l1000000-0000-0000-0000-000000000002', 'b1000000-0000-0000-0000-000000000001', 'k1000000-0000-0000-0000-000000000002', 'h1000000-0000-0000-0000-000000000002', 12.00),
  ('l1000000-0000-0000-0000-000000000003', 'b1000000-0000-0000-0000-000000000001', 'k1000000-0000-0000-0000-000000000003', 'h1000000-0000-0000-0000-000000000003', 28.00),
  ('l1000000-0000-0000-0000-000000000004', 'b1000000-0000-0000-0000-000000000001', 'k1000000-0000-0000-0000-000000000004', 'h1000000-0000-0000-0000-000000000001', 18.00),
  ('l1000000-0000-0000-0000-000000000005', 'b1000000-0000-0000-0000-000000000001', 'k1000000-0000-0000-0000-000000000005', 'h1000000-0000-0000-0000-000000000003', 28.00),
  ('l1000000-0000-0000-0000-000000000006', 'b1000000-0000-0000-0000-000000000001', 'k1000000-0000-0000-0000-000000000006', 'h1000000-0000-0000-0000-000000000002', 12.00),
  ('l1000000-0000-0000-0000-000000000007', 'b1000000-0000-0000-0000-000000000001', 'k1000000-0000-0000-0000-000000000007', 'h1000000-0000-0000-0000-000000000001', 18.00),
  ('l1000000-0000-0000-0000-000000000008', 'b1000000-0000-0000-0000-000000000001', 'k1000000-0000-0000-0000-000000000008', 'h1000000-0000-0000-0000-000000000003', 28.00),
  ('l1000000-0000-0000-0000-000000000009', 'b1000000-0000-0000-0000-000000000001', 'k1000000-0000-0000-0000-000000000009', 'h1000000-0000-0000-0000-000000000001', 18.00),
  ('l1000000-0000-0000-0000-000000000010', 'b1000000-0000-0000-0000-000000000001', 'k1000000-0000-0000-0000-000000000010', 'h1000000-0000-0000-0000-000000000003', 28.00),
  ('l1000000-0000-0000-0000-000000000011', 'b1000000-0000-0000-0000-000000000001', 'k1000000-0000-0000-0000-000000000011', 'h1000000-0000-0000-0000-000000000001', 18.00),
  ('l1000000-0000-0000-0000-000000000012', 'b1000000-0000-0000-0000-000000000001', 'k1000000-0000-0000-0000-000000000012', 'h1000000-0000-0000-0000-000000000002', 12.00),
  ('l1000000-0000-0000-0000-000000000013', 'b1000000-0000-0000-0000-000000000001', 'k1000000-0000-0000-0000-000000000013', 'h1000000-0000-0000-0000-000000000003', 28.00),
  ('l1000000-0000-0000-0000-000000000014', 'b1000000-0000-0000-0000-000000000001', 'k1000000-0000-0000-0000-000000000014', 'h1000000-0000-0000-0000-000000000001', 18.00),
  ('l1000000-0000-0000-0000-000000000015', 'b1000000-0000-0000-0000-000000000001', 'k1000000-0000-0000-0000-000000000015', 'h1000000-0000-0000-0000-000000000002', 12.00),
  ('l1000000-0000-0000-0000-000000000016', 'b1000000-0000-0000-0000-000000000001', 'k1000000-0000-0000-0000-000000000016', 'h1000000-0000-0000-0000-000000000001', 18.00),
  ('l1000000-0000-0000-0000-000000000017', 'b1000000-0000-0000-0000-000000000001', 'k1000000-0000-0000-0000-000000000017', 'h1000000-0000-0000-0000-000000000003', 28.00),
  ('l1000000-0000-0000-0000-000000000018', 'b1000000-0000-0000-0000-000000000001', 'k1000000-0000-0000-0000-000000000018', 'h1000000-0000-0000-0000-000000000001', 18.00),
  ('l1000000-0000-0000-0000-000000000019', 'b1000000-0000-0000-0000-000000000001', 'k1000000-0000-0000-0000-000000000019', 'h1000000-0000-0000-0000-000000000002', 12.00),
  ('l1000000-0000-0000-0000-000000000020', 'b1000000-0000-0000-0000-000000000001', 'k1000000-0000-0000-0000-000000000020', 'h1000000-0000-0000-0000-000000000001', 18.00),
  ('l1000000-0000-0000-0000-000000000021', 'b1000000-0000-0000-0000-000000000001', 'k1000000-0000-0000-0000-000000000021', 'h1000000-0000-0000-0000-000000000001', 18.00),
  ('l1000000-0000-0000-0000-000000000022', 'b1000000-0000-0000-0000-000000000001', 'k1000000-0000-0000-0000-000000000022', 'h1000000-0000-0000-0000-000000000001', 18.00),
  ('l1000000-0000-0000-0000-000000000023', 'b1000000-0000-0000-0000-000000000001', 'k1000000-0000-0000-0000-000000000023', 'h1000000-0000-0000-0000-000000000001', 18.00),
  ('l1000000-0000-0000-0000-000000000024', 'b1000000-0000-0000-0000-000000000001', 'k1000000-0000-0000-0000-000000000024', 'h1000000-0000-0000-0000-000000000005', 45.00),
  ('l1000000-0000-0000-0000-000000000025', 'b1000000-0000-0000-0000-000000000001', 'k1000000-0000-0000-0000-000000000025', 'h1000000-0000-0000-0000-000000000005', 45.00),
  ('l1000000-0000-0000-0000-000000000026', 'b1000000-0000-0000-0000-000000000001', 'k1000000-0000-0000-0000-000000000026', 'h1000000-0000-0000-0000-000000000001', 18.00),
  ('l1000000-0000-0000-0000-000000000027', 'b1000000-0000-0000-0000-000000000001', 'k1000000-0000-0000-0000-000000000027', 'h1000000-0000-0000-0000-000000000001', 18.00),
  ('l1000000-0000-0000-0000-000000000028', 'b1000000-0000-0000-0000-000000000001', 'k1000000-0000-0000-0000-000000000028', 'h1000000-0000-0000-0000-000000000007', 8.00),
  ('l1000000-0000-0000-0000-000000000029', 'b1000000-0000-0000-0000-000000000001', 'k1000000-0000-0000-0000-000000000029', 'h1000000-0000-0000-0000-000000000007', 8.00),
  ('l1000000-0000-0000-0000-000000000030', 'b1000000-0000-0000-0000-000000000001', 'k1000000-0000-0000-0000-000000000030', 'h1000000-0000-0000-0000-000000000003', 28.00),
  ('l1000000-0000-0000-0000-000000000031', 'b1000000-0000-0000-0000-000000000001', 'k1000000-0000-0000-0000-000000000031', 'h1000000-0000-0000-0000-000000000003', 28.00),
  ('l1000000-0000-0000-0000-000000000032', 'b1000000-0000-0000-0000-000000000001', 'k1000000-0000-0000-0000-000000000032', 'h1000000-0000-0000-0000-000000000003', 28.00),
  ('l1000000-0000-0000-0000-000000000033', 'b1000000-0000-0000-0000-000000000001', 'k1000000-0000-0000-0000-000000000033', 'h1000000-0000-0000-0000-000000000001', 18.00),
  ('l1000000-0000-0000-0000-000000000034', 'b1000000-0000-0000-0000-000000000001', 'k1000000-0000-0000-0000-000000000034', 'h1000000-0000-0000-0000-000000000001', 18.00),
  ('l1000000-0000-0000-0000-000000000035', 'b1000000-0000-0000-0000-000000000001', 'k1000000-0000-0000-0000-000000000035', 'h1000000-0000-0000-0000-000000000001', 18.00),
  ('l1000000-0000-0000-0000-000000000036', 'b1000000-0000-0000-0000-000000000001', 'k1000000-0000-0000-0000-000000000036', 'h1000000-0000-0000-0000-000000000003', 28.00),
  ('l1000000-0000-0000-0000-000000000037', 'b1000000-0000-0000-0000-000000000001', 'k1000000-0000-0000-0000-000000000037', 'h1000000-0000-0000-0000-000000000007', 8.00),
  ('l1000000-0000-0000-0000-000000000038', 'b1000000-0000-0000-0000-000000000001', 'k1000000-0000-0000-0000-000000000038', 'h1000000-0000-0000-0000-000000000001', 18.00),
  ('l1000000-0000-0000-0000-000000000039', 'b1000000-0000-0000-0000-000000000001', 'k1000000-0000-0000-0000-000000000039', 'h1000000-0000-0000-0000-000000000001', 18.00),
  ('l1000000-0000-0000-0000-000000000040', 'b1000000-0000-0000-0000-000000000001', 'k1000000-0000-0000-0000-000000000040', 'h1000000-0000-0000-0000-000000000003', 28.00),
  ('l1000000-0000-0000-0000-000000000041', 'b1000000-0000-0000-0000-000000000001', 'k1000000-0000-0000-0000-000000000041', 'h1000000-0000-0000-0000-000000000001', 18.00),
  ('l1000000-0000-0000-0000-000000000042', 'b1000000-0000-0000-0000-000000000001', 'k1000000-0000-0000-0000-000000000042', 'h1000000-0000-0000-0000-000000000001', 18.00),
  ('l1000000-0000-0000-0000-000000000043', 'b1000000-0000-0000-0000-000000000001', 'k1000000-0000-0000-0000-000000000043', 'h1000000-0000-0000-0000-000000000002', 12.00),
  ('l1000000-0000-0000-0000-000000000044', 'b1000000-0000-0000-0000-000000000001', 'k1000000-0000-0000-0000-000000000044', 'h1000000-0000-0000-0000-000000000002', 12.00),
  ('l1000000-0000-0000-0000-000000000045', 'b1000000-0000-0000-0000-000000000001', 'k1000000-0000-0000-0000-000000000045', 'h1000000-0000-0000-0000-000000000001', 18.00),
  ('l1000000-0000-0000-0000-000000000046', 'b1000000-0000-0000-0000-000000000001', 'k1000000-0000-0000-0000-000000000046', 'h1000000-0000-0000-0000-000000000001', 18.00),
  ('l1000000-0000-0000-0000-000000000047', 'b1000000-0000-0000-0000-000000000001', 'k1000000-0000-0000-0000-000000000047', 'h1000000-0000-0000-0000-000000000001', 18.00),
  ('l1000000-0000-0000-0000-000000000048', 'b1000000-0000-0000-0000-000000000001', 'k1000000-0000-0000-0000-000000000048', 'h1000000-0000-0000-0000-000000000001', 18.00),
  ('l1000000-0000-0000-0000-000000000049', 'b1000000-0000-0000-0000-000000000001', 'k1000000-0000-0000-0000-000000000049', 'h1000000-0000-0000-0000-000000000003', 28.00),
  ('l1000000-0000-0000-0000-000000000050', 'b1000000-0000-0000-0000-000000000001', 'k1000000-0000-0000-0000-000000000050', 'h1000000-0000-0000-0000-000000000003', 28.00),
  ('l1000000-0000-0000-0000-000000000051', 'b1000000-0000-0000-0000-000000000001', 'k1000000-0000-0000-0000-000000000051', 'h1000000-0000-0000-0000-000000000003', 28.00),
  ('l1000000-0000-0000-0000-000000000052', 'b1000000-0000-0000-0000-000000000001', 'k1000000-0000-0000-0000-000000000052', 'h1000000-0000-0000-0000-000000000001', 18.00),
  ('l1000000-0000-0000-0000-000000000053', 'b1000000-0000-0000-0000-000000000001', 'k1000000-0000-0000-0000-000000000053', 'h1000000-0000-0000-0000-000000000001', 18.00),
  ('l1000000-0000-0000-0000-000000000054', 'b1000000-0000-0000-0000-000000000001', 'k1000000-0000-0000-0000-000000000054', 'h1000000-0000-0000-0000-000000000001', 18.00),
  ('l1000000-0000-0000-0000-000000000055', 'b1000000-0000-0000-0000-000000000001', 'k1000000-0000-0000-0000-000000000055', 'h1000000-0000-0000-0000-000000000003', 28.00),
  ('l1000000-0000-0000-0000-000000000056', 'b1000000-0000-0000-0000-000000000001', 'k1000000-0000-0000-0000-000000000056', 'h1000000-0000-0000-0000-000000000001', 18.00),
  ('l1000000-0000-0000-0000-000000000057', 'b1000000-0000-0000-0000-000000000001', 'k1000000-0000-0000-0000-000000000057', 'h1000000-0000-0000-0000-000000000001', 18.00),
  ('l1000000-0000-0000-0000-000000000058', 'b1000000-0000-0000-0000-000000000001', 'k1000000-0000-0000-0000-000000000058', 'h1000000-0000-0000-0000-000000000001', 18.00),
  ('l1000000-0000-0000-0000-000000000059', 'b1000000-0000-0000-0000-000000000001', 'k1000000-0000-0000-0000-000000000059', 'h1000000-0000-0000-0000-000000000003', 28.00),
  ('l1000000-0000-0000-0000-000000000060', 'b1000000-0000-0000-0000-000000000001', 'k1000000-0000-0000-0000-000000000060', 'h1000000-0000-0000-0000-000000000002', 12.00)
ON CONFLICT (id) DO NOTHING;

-- 3. payments (completed appointments only)
INSERT INTO public.payments
  (id, tenant_id, appointment_id, client_id, amount, payment_method, status, paid_at, tip_amount)
VALUES
  ('m1000000-0000-0000-0000-000000000001', 'b1000000-0000-0000-0000-000000000001', 'k1000000-0000-0000-0000-000000000001', 'j1000000-0000-0000-0000-000000000001',
   18.00, 'cash', 'paid', '2026-01-25 10:00', 0.00),
  ('m1000000-0000-0000-0000-000000000002', 'b1000000-0000-0000-0000-000000000001', 'k1000000-0000-0000-0000-000000000002', 'j1000000-0000-0000-0000-000000000001',
   12.00, 'card', 'paid', '2026-02-01 11:00', 0.00),
  ('m1000000-0000-0000-0000-000000000003', 'b1000000-0000-0000-0000-000000000001', 'k1000000-0000-0000-0000-000000000003', 'j1000000-0000-0000-0000-000000000001',
   28.00, 'cash', 'paid', '2026-02-08 10:00', 2.00),
  ('m1000000-0000-0000-0000-000000000004', 'b1000000-0000-0000-0000-000000000001', 'k1000000-0000-0000-0000-000000000004', 'j1000000-0000-0000-0000-000000000001',
   18.00, 'card', 'paid', '2026-02-15 11:00', 0.00),
  ('m1000000-0000-0000-0000-000000000005', 'b1000000-0000-0000-0000-000000000001', 'k1000000-0000-0000-0000-000000000005', 'j1000000-0000-0000-0000-000000000001',
   28.00, 'cash', 'paid', '2026-02-22 10:00', 3.00),
  ('m1000000-0000-0000-0000-000000000006', 'b1000000-0000-0000-0000-000000000001', 'k1000000-0000-0000-0000-000000000006', 'j1000000-0000-0000-0000-000000000001',
   12.00, 'card', 'paid', '2026-03-01 11:00', 0.00),
  ('m1000000-0000-0000-0000-000000000007', 'b1000000-0000-0000-0000-000000000001', 'k1000000-0000-0000-0000-000000000007', 'j1000000-0000-0000-0000-000000000001',
   18.00, 'cash', 'paid', '2026-03-08 10:00', 2.00),
  ('m1000000-0000-0000-0000-000000000008', 'b1000000-0000-0000-0000-000000000001', 'k1000000-0000-0000-0000-000000000008', 'j1000000-0000-0000-0000-000000000001',
   28.00, 'card', 'paid', '2026-03-15 11:00', 5.00),
  ('m1000000-0000-0000-0000-000000000009', 'b1000000-0000-0000-0000-000000000001', 'k1000000-0000-0000-0000-000000000009', 'j1000000-0000-0000-0000-000000000001',
   18.00, 'cash', 'paid', '2026-03-22 10:00', 0.00),
  ('m1000000-0000-0000-0000-000000000010', 'b1000000-0000-0000-0000-000000000001', 'k1000000-0000-0000-0000-000000000010', 'j1000000-0000-0000-0000-000000000001',
   28.00, 'card', 'paid', '2026-03-29 11:00', 5.00),
  ('m1000000-0000-0000-0000-000000000011', 'b1000000-0000-0000-0000-000000000001', 'k1000000-0000-0000-0000-000000000011', 'j1000000-0000-0000-0000-000000000001',
   18.00, 'cash', 'paid', '2026-04-05 10:00', 2.00),
  ('m1000000-0000-0000-0000-000000000012', 'b1000000-0000-0000-0000-000000000001', 'k1000000-0000-0000-0000-000000000012', 'j1000000-0000-0000-0000-000000000001',
   12.00, 'card', 'paid', '2026-04-12 11:00', 0.00),
  ('m1000000-0000-0000-0000-000000000013', 'b1000000-0000-0000-0000-000000000001', 'k1000000-0000-0000-0000-000000000013', 'j1000000-0000-0000-0000-000000000002',
   28.00, 'card', 'paid', '2026-01-28 14:00', 0.00),
  ('m1000000-0000-0000-0000-000000000014', 'b1000000-0000-0000-0000-000000000001', 'k1000000-0000-0000-0000-000000000014', 'j1000000-0000-0000-0000-000000000002',
   18.00, 'cash', 'paid', '2026-02-18 14:00', 0.00),
  ('m1000000-0000-0000-0000-000000000015', 'b1000000-0000-0000-0000-000000000001', 'k1000000-0000-0000-0000-000000000015', 'j1000000-0000-0000-0000-000000000002',
   12.00, 'card', 'paid', '2026-03-10 14:00', 0.00),
  ('m1000000-0000-0000-0000-000000000016', 'b1000000-0000-0000-0000-000000000001', 'k1000000-0000-0000-0000-000000000016', 'j1000000-0000-0000-0000-000000000003',
   18.00, 'cash', 'paid', '2026-01-30 15:00', 0.00),
  ('m1000000-0000-0000-0000-000000000017', 'b1000000-0000-0000-0000-000000000001', 'k1000000-0000-0000-0000-000000000017', 'j1000000-0000-0000-0000-000000000003',
   28.00, 'cash', 'paid', '2026-02-20 15:00', 0.00),
  ('m1000000-0000-0000-0000-000000000018', 'b1000000-0000-0000-0000-000000000001', 'k1000000-0000-0000-0000-000000000018', 'j1000000-0000-0000-0000-000000000003',
   18.00, 'cash', 'paid', '2026-03-05 15:00', 0.00),
  ('m1000000-0000-0000-0000-000000000019', 'b1000000-0000-0000-0000-000000000001', 'k1000000-0000-0000-0000-000000000019', 'j1000000-0000-0000-0000-000000000003',
   12.00, 'cash', 'paid', '2026-03-25 16:00', 0.00),
  ('m1000000-0000-0000-0000-000000000020', 'b1000000-0000-0000-0000-000000000001', 'k1000000-0000-0000-0000-000000000020', 'j1000000-0000-0000-0000-000000000003',
   18.00, 'cash', 'paid', '2026-04-15 15:00', 0.00),
  ('m1000000-0000-0000-0000-000000000021', 'b1000000-0000-0000-0000-000000000001', 'k1000000-0000-0000-0000-000000000021', 'j1000000-0000-0000-0000-000000000004',
   18.00, 'card', 'paid', '2026-02-05 10:00', 0.00),
  ('m1000000-0000-0000-0000-000000000022', 'b1000000-0000-0000-0000-000000000001', 'k1000000-0000-0000-0000-000000000022', 'j1000000-0000-0000-0000-000000000004',
   18.00, 'card', 'paid', '2026-03-10 10:00', 0.00),
  ('m1000000-0000-0000-0000-000000000023', 'b1000000-0000-0000-0000-000000000001', 'k1000000-0000-0000-0000-000000000023', 'j1000000-0000-0000-0000-000000000004',
   18.00, 'card', 'paid', '2026-04-08 10:00', 0.00),
  ('m1000000-0000-0000-0000-000000000024', 'b1000000-0000-0000-0000-000000000001', 'k1000000-0000-0000-0000-000000000024', 'j1000000-0000-0000-0000-000000000005',
   45.00, 'card', 'paid', '2026-02-12 11:00', 0.00),
  ('m1000000-0000-0000-0000-000000000025', 'b1000000-0000-0000-0000-000000000001', 'k1000000-0000-0000-0000-000000000025', 'j1000000-0000-0000-0000-000000000005',
   45.00, 'card', 'paid', '2026-03-19 11:00', 0.00),
  ('m1000000-0000-0000-0000-000000000026', 'b1000000-0000-0000-0000-000000000001', 'k1000000-0000-0000-0000-000000000026', 'j1000000-0000-0000-0000-000000000006',
   18.00, 'cash', 'paid', '2026-01-27 14:00', 0.00),
  ('m1000000-0000-0000-0000-000000000027', 'b1000000-0000-0000-0000-000000000001', 'k1000000-0000-0000-0000-000000000027', 'j1000000-0000-0000-0000-000000000006',
   18.00, 'cash', 'paid', '2026-03-02 14:00', 0.00),
  ('m1000000-0000-0000-0000-000000000028', 'b1000000-0000-0000-0000-000000000001', 'k1000000-0000-0000-0000-000000000028', 'j1000000-0000-0000-0000-000000000007',
   8.00, 'card', 'paid', '2026-02-08 15:00', 0.00),
  ('m1000000-0000-0000-0000-000000000029', 'b1000000-0000-0000-0000-000000000001', 'k1000000-0000-0000-0000-000000000029', 'j1000000-0000-0000-0000-000000000007',
   8.00, 'card', 'paid', '2026-03-15 15:00', 0.00),
  ('m1000000-0000-0000-0000-000000000030', 'b1000000-0000-0000-0000-000000000001', 'k1000000-0000-0000-0000-000000000030', 'j1000000-0000-0000-0000-000000000008',
   28.00, 'card', 'paid', '2026-01-24 10:00', 5.00),
  ('m1000000-0000-0000-0000-000000000031', 'b1000000-0000-0000-0000-000000000001', 'k1000000-0000-0000-0000-000000000031', 'j1000000-0000-0000-0000-000000000008',
   28.00, 'card', 'paid', '2026-02-14 10:00', 5.00),
  ('m1000000-0000-0000-0000-000000000032', 'b1000000-0000-0000-0000-000000000001', 'k1000000-0000-0000-0000-000000000032', 'j1000000-0000-0000-0000-000000000008',
   28.00, 'card', 'paid', '2026-03-28 10:00', 5.00),
  ('m1000000-0000-0000-0000-000000000033', 'b1000000-0000-0000-0000-000000000001', 'k1000000-0000-0000-0000-000000000033', 'j1000000-0000-0000-0000-000000000009',
   18.00, 'card', 'paid', '2026-02-10 16:00', 0.00),
  ('m1000000-0000-0000-0000-000000000034', 'b1000000-0000-0000-0000-000000000001', 'k1000000-0000-0000-0000-000000000034', 'j1000000-0000-0000-0000-000000000009',
   18.00, 'card', 'paid', '2026-04-02 16:00', 0.00),
  ('m1000000-0000-0000-0000-000000000035', 'b1000000-0000-0000-0000-000000000001', 'k1000000-0000-0000-0000-000000000035', 'j1000000-0000-0000-0000-000000000010',
   18.00, 'cash', 'paid', '2026-02-17 11:00', 0.00),
  ('m1000000-0000-0000-0000-000000000036', 'b1000000-0000-0000-0000-000000000001', 'k1000000-0000-0000-0000-000000000036', 'j1000000-0000-0000-0000-000000000010',
   28.00, 'cash', 'paid', '2026-04-06 11:00', 0.00),
  ('m1000000-0000-0000-0000-000000000037', 'b1000000-0000-0000-0000-000000000001', 'k1000000-0000-0000-0000-000000000037', 'j1000000-0000-0000-0000-000000000011',
   8.00, 'card', 'paid', '2026-04-10 17:00', 0.00),
  ('m1000000-0000-0000-0000-000000000038', 'b1000000-0000-0000-0000-000000000001', 'k1000000-0000-0000-0000-000000000038', 'j1000000-0000-0000-0000-000000000012',
   18.00, 'card', 'paid', '2026-02-19 14:00', 0.00),
  ('m1000000-0000-0000-0000-000000000039', 'b1000000-0000-0000-0000-000000000001', 'k1000000-0000-0000-0000-000000000039', 'j1000000-0000-0000-0000-000000000012',
   18.00, 'card', 'paid', '2026-04-01 14:00', 0.00),
  ('m1000000-0000-0000-0000-000000000040', 'b1000000-0000-0000-0000-000000000001', 'k1000000-0000-0000-0000-000000000040', 'j1000000-0000-0000-0000-000000000013',
   28.00, 'card', 'paid', '2026-04-17 15:00', 0.00),
  ('m1000000-0000-0000-0000-000000000041', 'b1000000-0000-0000-0000-000000000001', 'k1000000-0000-0000-0000-000000000041', 'j1000000-0000-0000-0000-000000000014',
   18.00, 'cash', 'paid', '2026-01-31 10:00', 0.00),
  ('m1000000-0000-0000-0000-000000000042', 'b1000000-0000-0000-0000-000000000001', 'k1000000-0000-0000-0000-000000000042', 'j1000000-0000-0000-0000-000000000014',
   18.00, 'cash', 'paid', '2026-03-03 10:00', 0.00),
  ('m1000000-0000-0000-0000-000000000043', 'b1000000-0000-0000-0000-000000000001', 'k1000000-0000-0000-0000-000000000043', 'j1000000-0000-0000-0000-000000000015',
   12.00, 'card', 'paid', '2026-02-03 11:00', 0.00),
  ('m1000000-0000-0000-0000-000000000044', 'b1000000-0000-0000-0000-000000000001', 'k1000000-0000-0000-0000-000000000044', 'j1000000-0000-0000-0000-000000000015',
   12.00, 'card', 'paid', '2026-03-05 11:00', 0.00),
  ('m1000000-0000-0000-0000-000000000045', 'b1000000-0000-0000-0000-000000000001', 'k1000000-0000-0000-0000-000000000045', 'j1000000-0000-0000-0000-000000000016',
   18.00, 'cash', 'paid', '2026-04-14 16:00', 0.00),
  ('m1000000-0000-0000-0000-000000000046', 'b1000000-0000-0000-0000-000000000001', 'k1000000-0000-0000-0000-000000000046', 'j1000000-0000-0000-0000-000000000017',
   18.00, 'card', 'paid', '2026-01-26 15:00', 0.00),
  ('m1000000-0000-0000-0000-000000000047', 'b1000000-0000-0000-0000-000000000001', 'k1000000-0000-0000-0000-000000000047', 'j1000000-0000-0000-0000-000000000017',
   18.00, 'card', 'paid', '2026-02-25 15:00', 0.00),
  ('m1000000-0000-0000-0000-000000000048', 'b1000000-0000-0000-0000-000000000001', 'k1000000-0000-0000-0000-000000000048', 'j1000000-0000-0000-0000-000000000018',
   18.00, 'card', 'paid', '2026-04-20 10:00', 0.00),
  ('m1000000-0000-0000-0000-000000000049', 'b1000000-0000-0000-0000-000000000001', 'k1000000-0000-0000-0000-000000000049', 'j1000000-0000-0000-0000-000000000019',
   28.00, 'card', 'paid', '2026-02-07 14:00', 5.00),
  ('m1000000-0000-0000-0000-000000000050', 'b1000000-0000-0000-0000-000000000001', 'k1000000-0000-0000-0000-000000000050', 'j1000000-0000-0000-0000-000000000019',
   28.00, 'card', 'paid', '2026-03-21 14:00', 5.00)
ON CONFLICT (id) DO NOTHING;
